[
  {
    "id": 1,
    "timestamp": "2021-01-04T16:51:59.864114",
    "temp": "23.00",
    "humid": "42.00",
    "light": "0"
  },
  {
    "id": 2,
    "timestamp": "2021-01-04T16:52:01.869252",
    "temp": "23.00",
    "humid": "42.00",
    "light": "0"
  },
  {
    "id": 3,
    "timestamp": "2021-01-04T16:52:03.879894",
    "temp": "23.00",
    "humid": "42.00",
    "light": "0"
  },
  {
    "id": 4,
    "timestamp": "2021-01-04T16:52:05.986106",
    "temp": "23.00",
    "humid": "42.00",
    "light": "0"
  },
  {
    "id": 5,
    "timestamp": "2021-01-04T16:52:07.992138",
    "temp": "23.00",
    "humid": "42.00",
    "light": "0"
  },
  {
    "id": 6,
    "timestamp": "2021-01-04T16:52:09.998498",
    "temp": "23.00",
    "humid": "42.00",
    "light": "7"
  },
  {
    "id": 7,
    "timestamp": "2021-01-04T16:52:12.004394",
    "temp": "23.00",
    "humid": "42.00",
    "light": "0"
  },
  {
    "id": 8,
    "timestamp": "2021-01-04T16:52:14.010022",
    "temp": "23.00",
    "humid": "42.00",
    "light": "0"
  },
  {
    "id": 9,
    "timestamp": "2021-01-04T16:52:16.016314",
    "temp": "23.00",
    "humid": "42.00",
    "light": "1"
  },
  {
    "id": 10,
    "timestamp": "2021-01-04T16:52:18.022462",
    "temp": "23.00",
    "humid": "42.00",
    "light": "0"
  },
  {
    "id": 11,
    "timestamp": "2021-01-04T16:52:20.028522",
    "temp": "23.00",
    "humid": "42.00",
    "light": "0"
  },
  {
    "id": 12,
    "timestamp": "2021-01-04T16:52:22.043901",
    "temp": "23.00",
    "humid": "42.00",
    "light": "0"
  },
  {
    "id": 13,
    "timestamp": "2021-01-04T16:52:24.062952",
    "temp": "23.00",
    "humid": "42.00",
    "light": "1"
  },
  {
    "id": 14,
    "timestamp": "2021-01-04T16:52:26.078042",
    "temp": "23.00",
    "humid": "42.00",
    "light": "1"
  },
  {
    "id": 15,
    "timestamp": "2021-01-04T16:52:28.183250",
    "temp": "23.00",
    "humid": "42.00",
    "light": "2"
  },
  {
    "id": 16,
    "timestamp": "2021-01-04T16:52:30.188152",
    "temp": "23.00",
    "humid": "42.00",
    "light": "0"
  },
  {
    "id": 17,
    "timestamp": "2021-01-04T16:52:32.193109",
    "temp": "23.00",
    "humid": "42.00",
    "light": "1"
  },
  {
    "id": 18,
    "timestamp": "2021-01-04T16:52:34.199020",
    "temp": "23.00",
    "humid": "42.00",
    "light": "0"
  },
  {
    "id": 19,
    "timestamp": "2021-01-04T16:52:36.204618",
    "temp": "23.00",
    "humid": "43.00",
    "light": "0"
  },
  {
    "id": 20,
    "timestamp": "2021-01-04T16:52:38.209897",
    "temp": "23.00",
    "humid": "43.00",
    "light": "0"
  },
  {
    "id": 21,
    "timestamp": "2021-01-04T16:52:40.215910",
    "temp": "23.00",
    "humid": "43.00",
    "light": "0"
  },
  {
    "id": 22,
    "timestamp": "2021-01-04T16:52:42.227250",
    "temp": "23.00",
    "humid": "43.00",
    "light": "0"
  },
  {
    "id": 23,
    "timestamp": "2021-01-04T16:52:44.242349",
    "temp": "23.00",
    "humid": "43.00",
    "light": "0"
  },
  {
    "id": 24,
    "timestamp": "2021-01-04T16:52:46.347504",
    "temp": "23.00",
    "humid": "43.00",
    "light": "0"
  },
  {
    "id": 25,
    "timestamp": "2021-01-04T16:52:48.352880",
    "temp": "23.00",
    "humid": "43.00",
    "light": "0"
  },
  {
    "id": 26,
    "timestamp": "2021-01-04T16:52:50.358333",
    "temp": "23.00",
    "humid": "43.00",
    "light": "0"
  },
  {
    "id": 27,
    "timestamp": "2021-01-04T16:52:52.363451",
    "temp": "23.00",
    "humid": "43.00",
    "light": "2"
  },
  {
    "id": 28,
    "timestamp": "2021-01-04T16:52:54.368322",
    "temp": "23.00",
    "humid": "43.00",
    "light": "0"
  },
  {
    "id": 29,
    "timestamp": "2021-01-04T16:52:56.373377",
    "temp": "23.00",
    "humid": "43.00",
    "light": "0"
  },
  {
    "id": 30,
    "timestamp": "2021-01-04T16:52:58.378659",
    "temp": "23.00",
    "humid": "43.00",
    "light": "0"
  },
  {
    "id": 31,
    "timestamp": "2021-01-04T16:53:00.387530",
    "temp": "23.00",
    "humid": "43.00",
    "light": "0"
  },
  {
    "id": 32,
    "timestamp": "2021-01-04T16:53:02.493065",
    "temp": "23.00",
    "humid": "43.00",
    "light": "0"
  },
  {
    "id": 33,
    "timestamp": "2021-01-04T16:53:04.498220",
    "temp": "23.00",
    "humid": "43.00",
    "light": "0"
  },
  {
    "id": 34,
    "timestamp": "2021-01-04T16:53:06.503631",
    "temp": "23.00",
    "humid": "43.00",
    "light": "0"
  },
  {
    "id": 35,
    "timestamp": "2021-01-04T16:53:08.508272",
    "temp": "23.00",
    "humid": "43.00",
    "light": "0"
  },
  {
    "id": 36,
    "timestamp": "2021-01-04T16:53:10.513243",
    "temp": "23.00",
    "humid": "43.00",
    "light": "0"
  },
  {
    "id": 37,
    "timestamp": "2021-01-04T16:53:12.518473",
    "temp": "23.00",
    "humid": "43.00",
    "light": "0"
  },
  {
    "id": 38,
    "timestamp": "2021-01-04T16:53:14.523760",
    "temp": "23.00",
    "humid": "43.00",
    "light": "0"
  },
  {
    "id": 39,
    "timestamp": "2021-01-04T16:53:16.536878",
    "temp": "23.00",
    "humid": "43.00",
    "light": "0"
  },
  {
    "id": 40,
    "timestamp": "2021-01-04T16:53:18.552223",
    "temp": "23.00",
    "humid": "43.00",
    "light": "0"
  },
  {
    "id": 41,
    "timestamp": "2021-01-04T16:53:20.657747",
    "temp": "23.00",
    "humid": "43.00",
    "light": "0"
  },
  {
    "id": 42,
    "timestamp": "2021-01-04T16:53:22.663136",
    "temp": "23.00",
    "humid": "43.00",
    "light": "0"
  },
  {
    "id": 43,
    "timestamp": "2021-01-04T16:53:24.670483",
    "temp": "23.00",
    "humid": "43.00",
    "light": "0"
  },
  {
    "id": 44,
    "timestamp": "2021-01-04T16:53:26.676345",
    "temp": "23.00",
    "humid": "43.00",
    "light": "0"
  },
  {
    "id": 45,
    "timestamp": "2021-01-04T16:53:28.682123",
    "temp": "23.00",
    "humid": "43.00",
    "light": "0"
  },
  {
    "id": 46,
    "timestamp": "2021-01-04T16:53:30.687843",
    "temp": "23.00",
    "humid": "43.00",
    "light": "0"
  },
  {
    "id": 47,
    "timestamp": "2021-01-04T16:53:32.693625",
    "temp": "23.00",
    "humid": "43.00",
    "light": "0"
  },
  {
    "id": 48,
    "timestamp": "2021-01-04T16:53:34.701491",
    "temp": "23.00",
    "humid": "43.00",
    "light": "1"
  },
  {
    "id": 49,
    "timestamp": "2021-01-04T16:53:36.716819",
    "temp": "23.00",
    "humid": "43.00",
    "light": "0"
  },
  {
    "id": 50,
    "timestamp": "2021-01-04T16:53:38.822686",
    "temp": "23.00",
    "humid": "43.00",
    "light": "0"
  },
  {
    "id": 51,
    "timestamp": "2021-01-04T16:53:40.827505",
    "temp": "23.00",
    "humid": "43.00",
    "light": "0"
  },
  {
    "id": 52,
    "timestamp": "2021-01-04T16:53:42.832680",
    "temp": "23.00",
    "humid": "43.00",
    "light": "0"
  },
  {
    "id": 53,
    "timestamp": "2021-01-04T16:53:44.836955",
    "temp": "23.00",
    "humid": "43.00",
    "light": "0"
  },
  {
    "id": 54,
    "timestamp": "2021-01-04T16:53:46.842431",
    "temp": "23.00",
    "humid": "43.00",
    "light": "0"
  },
  {
    "id": 55,
    "timestamp": "2021-01-04T16:53:48.847225",
    "temp": "23.00",
    "humid": "43.00",
    "light": "0"
  },
  {
    "id": 56,
    "timestamp": "2021-01-04T16:53:50.851485",
    "temp": "23.00",
    "humid": "43.00",
    "light": "1"
  },
  {
    "id": 57,
    "timestamp": "2021-01-04T16:53:52.866107",
    "temp": "23.00",
    "humid": "43.00",
    "light": "0"
  },
  {
    "id": 58,
    "timestamp": "2021-01-04T16:53:54.881192",
    "temp": "23.00",
    "humid": "43.00",
    "light": "0"
  },
  {
    "id": 59,
    "timestamp": "2021-01-04T16:53:56.986595",
    "temp": "23.00",
    "humid": "43.00",
    "light": "0"
  },
  {
    "id": 60,
    "timestamp": "2021-01-04T16:53:58.992836",
    "temp": "23.00",
    "humid": "43.00",
    "light": "0"
  },
  {
    "id": 61,
    "timestamp": "2021-01-04T16:54:00.998352",
    "temp": "23.00",
    "humid": "43.00",
    "light": "1"
  },
  {
    "id": 62,
    "timestamp": "2021-01-04T16:54:03.004359",
    "temp": "23.00",
    "humid": "43.00",
    "light": "0"
  },
  {
    "id": 63,
    "timestamp": "2021-01-04T16:54:05.009965",
    "temp": "23.00",
    "humid": "43.00",
    "light": "0"
  },
  {
    "id": 64,
    "timestamp": "2021-01-04T16:54:07.019727",
    "temp": "23.00",
    "humid": "43.00",
    "light": "1"
  },
  {
    "id": 65,
    "timestamp": "2021-01-04T16:54:09.025678",
    "temp": "23.00",
    "humid": "43.00",
    "light": "0"
  },
  {
    "id": 66,
    "timestamp": "2021-01-04T16:54:11.031528",
    "temp": "23.00",
    "humid": "43.00",
    "light": "0"
  },
  {
    "id": 67,
    "timestamp": "2021-01-04T16:54:13.046101",
    "temp": "23.00",
    "humid": "43.00",
    "light": "0"
  },
  {
    "id": 68,
    "timestamp": "2021-01-04T16:54:15.151482",
    "temp": "23.00",
    "humid": "43.00",
    "light": "0"
  },
  {
    "id": 69,
    "timestamp": "2021-01-04T16:54:17.156827",
    "temp": "23.00",
    "humid": "43.00",
    "light": "0"
  },
  {
    "id": 70,
    "timestamp": "2021-01-04T16:54:19.162755",
    "temp": "23.00",
    "humid": "43.00",
    "light": "0"
  },
  {
    "id": 71,
    "timestamp": "2021-01-04T16:54:21.167975",
    "temp": "23.00",
    "humid": "43.00",
    "light": "0"
  },
  {
    "id": 72,
    "timestamp": "2021-01-04T16:54:23.172481",
    "temp": "23.00",
    "humid": "43.00",
    "light": "0"
  },
  {
    "id": 73,
    "timestamp": "2021-01-04T16:54:25.176761",
    "temp": "23.00",
    "humid": "43.00",
    "light": "0"
  },
  {
    "id": 74,
    "timestamp": "2021-01-04T16:54:27.180908",
    "temp": "23.00",
    "humid": "43.00",
    "light": "0"
  },
  {
    "id": 75,
    "timestamp": "2021-01-04T16:54:29.195437",
    "temp": "23.00",
    "humid": "43.00",
    "light": "0"
  },
  {
    "id": 76,
    "timestamp": "2021-01-04T16:54:31.210687",
    "temp": "23.00",
    "humid": "43.00",
    "light": "0"
  },
  {
    "id": 77,
    "timestamp": "2021-01-04T16:54:33.315388",
    "temp": "23.00",
    "humid": "43.00",
    "light": "1"
  },
  {
    "id": 78,
    "timestamp": "2021-01-04T16:54:35.319750",
    "temp": "23.00",
    "humid": "43.00",
    "light": "0"
  },
  {
    "id": 79,
    "timestamp": "2021-01-04T16:54:37.324695",
    "temp": "23.00",
    "humid": "43.00",
    "light": "0"
  },
  {
    "id": 80,
    "timestamp": "2021-01-04T16:54:39.329270",
    "temp": "23.00",
    "humid": "43.00",
    "light": "0"
  },
  {
    "id": 81,
    "timestamp": "2021-01-04T16:54:41.333637",
    "temp": "23.00",
    "humid": "43.00",
    "light": "0"
  },
  {
    "id": 82,
    "timestamp": "2021-01-04T16:54:43.338757",
    "temp": "23.00",
    "humid": "43.00",
    "light": "0"
  },
  {
    "id": 83,
    "timestamp": "2021-01-04T16:54:45.343674",
    "temp": "23.00",
    "humid": "43.00",
    "light": "2"
  },
  {
    "id": 84,
    "timestamp": "2021-01-04T16:54:47.360355",
    "temp": "23.00",
    "humid": "43.00",
    "light": "1"
  },
  {
    "id": 85,
    "timestamp": "2021-01-04T16:54:49.375754",
    "temp": "23.00",
    "humid": "43.00",
    "light": "2"
  },
  {
    "id": 86,
    "timestamp": "2021-01-04T16:54:51.480721",
    "temp": "23.00",
    "humid": "43.00",
    "light": "1"
  },
  {
    "id": 87,
    "timestamp": "2021-01-04T16:54:53.485757",
    "temp": "23.00",
    "humid": "43.00",
    "light": "0"
  },
  {
    "id": 88,
    "timestamp": "2021-01-04T16:54:55.490676",
    "temp": "23.00",
    "humid": "43.00",
    "light": "0"
  },
  {
    "id": 89,
    "timestamp": "2021-01-04T16:54:57.495733",
    "temp": "23.00",
    "humid": "43.00",
    "light": "0"
  },
  {
    "id": 90,
    "timestamp": "2021-01-04T16:54:59.500683",
    "temp": "23.00",
    "humid": "43.00",
    "light": "1"
  },
  {
    "id": 91,
    "timestamp": "2021-01-04T16:55:01.505693",
    "temp": "23.00",
    "humid": "43.00",
    "light": "2"
  },
  {
    "id": 92,
    "timestamp": "2021-01-04T16:55:03.511625",
    "temp": "23.00",
    "humid": "43.00",
    "light": "0"
  },
  {
    "id": 93,
    "timestamp": "2021-01-04T16:55:05.525233",
    "temp": "23.00",
    "humid": "43.00",
    "light": "0"
  },
  {
    "id": 94,
    "timestamp": "2021-01-04T16:55:07.540396",
    "temp": "23.00",
    "humid": "43.00",
    "light": "1"
  },
  {
    "id": 95,
    "timestamp": "2021-01-04T16:55:09.644770",
    "temp": "23.00",
    "humid": "43.00",
    "light": "0"
  },
  {
    "id": 96,
    "timestamp": "2021-01-04T16:55:11.650663",
    "temp": "23.00",
    "humid": "43.00",
    "light": "0"
  },
  {
    "id": 97,
    "timestamp": "2021-01-04T16:55:13.654975",
    "temp": "23.00",
    "humid": "43.00",
    "light": "0"
  },
  {
    "id": 98,
    "timestamp": "2021-01-04T16:55:15.659362",
    "temp": "23.00",
    "humid": "43.00",
    "light": "1"
  },
  {
    "id": 99,
    "timestamp": "2021-01-04T16:55:17.663728",
    "temp": "23.00",
    "humid": "43.00",
    "light": "0"
  },
  {
    "id": 100,
    "timestamp": "2021-01-04T16:55:19.668971",
    "temp": "23.00",
    "humid": "43.00",
    "light": "0"
  },
  {
    "id": 101,
    "timestamp": "2021-01-04T16:55:21.673791",
    "temp": "23.00",
    "humid": "43.00",
    "light": "0"
  },
  {
    "id": 102,
    "timestamp": "2021-01-04T16:55:23.686357",
    "temp": "23.00",
    "humid": "43.00",
    "light": "0"
  },
  {
    "id": 103,
    "timestamp": "2021-01-04T16:55:25.791595",
    "temp": "23.00",
    "humid": "43.00",
    "light": "1"
  },
  {
    "id": 104,
    "timestamp": "2021-01-04T16:55:27.796619",
    "temp": "23.00",
    "humid": "43.00",
    "light": "0"
  },
  {
    "id": 105,
    "timestamp": "2021-01-04T16:55:29.801601",
    "temp": "23.00",
    "humid": "43.00",
    "light": "0"
  },
  {
    "id": 106,
    "timestamp": "2021-01-04T16:55:31.806567",
    "temp": "23.00",
    "humid": "43.00",
    "light": "1"
  },
  {
    "id": 107,
    "timestamp": "2021-01-04T16:55:33.811514",
    "temp": "23.00",
    "humid": "43.00",
    "light": "0"
  },
  {
    "id": 108,
    "timestamp": "2021-01-04T16:55:35.816408",
    "temp": "23.00",
    "humid": "43.00",
    "light": "0"
  },
  {
    "id": 109,
    "timestamp": "2021-01-04T16:55:37.822065",
    "temp": "23.00",
    "humid": "43.00",
    "light": "1"
  },
  {
    "id": 110,
    "timestamp": "2021-01-04T16:55:39.835947",
    "temp": "23.00",
    "humid": "43.00",
    "light": "0"
  },
  {
    "id": 111,
    "timestamp": "2021-01-04T16:55:41.851360",
    "temp": "23.00",
    "humid": "43.00",
    "light": "0"
  },
  {
    "id": 112,
    "timestamp": "2021-01-04T16:55:43.957345",
    "temp": "23.00",
    "humid": "43.00",
    "light": "0"
  },
  {
    "id": 113,
    "timestamp": "2021-01-04T16:55:45.962839",
    "temp": "23.00",
    "humid": "43.00",
    "light": "1"
  },
  {
    "id": 114,
    "timestamp": "2021-01-04T16:55:47.968708",
    "temp": "23.00",
    "humid": "43.00",
    "light": "0"
  },
  {
    "id": 115,
    "timestamp": "2021-01-04T16:55:49.973611",
    "temp": "23.00",
    "humid": "43.00",
    "light": "0"
  },
  {
    "id": 116,
    "timestamp": "2021-01-04T16:55:51.978538",
    "temp": "23.00",
    "humid": "43.00",
    "light": "1"
  },
  {
    "id": 117,
    "timestamp": "2021-01-04T16:55:53.983566",
    "temp": "23.00",
    "humid": "43.00",
    "light": "0"
  },
  {
    "id": 118,
    "timestamp": "2021-01-04T16:55:55.988648",
    "temp": "23.00",
    "humid": "43.00",
    "light": "0"
  },
  {
    "id": 119,
    "timestamp": "2021-01-04T16:55:58.000899",
    "temp": "23.00",
    "humid": "43.00",
    "light": "0"
  },
  {
    "id": 120,
    "timestamp": "2021-01-04T16:56:00.016168",
    "temp": "23.00",
    "humid": "43.00",
    "light": "1"
  },
  {
    "id": 121,
    "timestamp": "2021-01-04T16:56:02.121740",
    "temp": "23.00",
    "humid": "43.00",
    "light": "0"
  },
  {
    "id": 122,
    "timestamp": "2021-01-04T16:56:04.126877",
    "temp": "23.00",
    "humid": "43.00",
    "light": "0"
  },
  {
    "id": 123,
    "timestamp": "2021-01-04T16:56:06.132904",
    "temp": "23.00",
    "humid": "43.00",
    "light": "0"
  },
  {
    "id": 124,
    "timestamp": "2021-01-04T16:56:08.139189",
    "temp": "23.00",
    "humid": "43.00",
    "light": "1"
  },
  {
    "id": 125,
    "timestamp": "2021-01-04T16:56:10.144916",
    "temp": "23.00",
    "humid": "43.00",
    "light": "1"
  },
  {
    "id": 126,
    "timestamp": "2021-01-04T16:56:12.150297",
    "temp": "23.00",
    "humid": "43.00",
    "light": "1"
  },
  {
    "id": 127,
    "timestamp": "2021-01-04T16:56:14.155797",
    "temp": "23.00",
    "humid": "43.00",
    "light": "1"
  },
  {
    "id": 128,
    "timestamp": "2021-01-04T16:56:16.166086",
    "temp": "23.00",
    "humid": "43.00",
    "light": "0"
  },
  {
    "id": 129,
    "timestamp": "2021-01-04T16:56:18.181504",
    "temp": "23.00",
    "humid": "43.00",
    "light": "1"
  },
  {
    "id": 130,
    "timestamp": "2021-01-04T16:56:20.287090",
    "temp": "23.00",
    "humid": "43.00",
    "light": "0"
  },
  {
    "id": 131,
    "timestamp": "2021-01-04T16:56:22.292456",
    "temp": "23.00",
    "humid": "43.00",
    "light": "0"
  },
  {
    "id": 132,
    "timestamp": "2021-01-04T16:56:24.297926",
    "temp": "23.00",
    "humid": "44.00",
    "light": "1"
  },
  {
    "id": 133,
    "timestamp": "2021-01-04T16:56:26.303133",
    "temp": "23.00",
    "humid": "44.00",
    "light": "0"
  },
  {
    "id": 134,
    "timestamp": "2021-01-04T16:56:28.309098",
    "temp": "23.00",
    "humid": "44.00",
    "light": "0"
  },
  {
    "id": 135,
    "timestamp": "2021-01-04T16:56:30.313594",
    "temp": "23.00",
    "humid": "44.00",
    "light": "0"
  },
  {
    "id": 136,
    "timestamp": "2021-01-04T16:56:32.317874",
    "temp": "23.00",
    "humid": "44.00",
    "light": "1"
  },
  {
    "id": 137,
    "timestamp": "2021-01-04T16:56:34.331131",
    "temp": "23.00",
    "humid": "44.00",
    "light": "0"
  },
  {
    "id": 138,
    "timestamp": "2021-01-04T16:56:36.346416",
    "temp": "23.00",
    "humid": "44.00",
    "light": "0"
  },
  {
    "id": 139,
    "timestamp": "2021-01-04T16:56:38.451133",
    "temp": "23.00",
    "humid": "44.00",
    "light": "0"
  },
  {
    "id": 140,
    "timestamp": "2021-01-04T16:56:40.456266",
    "temp": "23.00",
    "humid": "44.00",
    "light": "1"
  },
  {
    "id": 141,
    "timestamp": "2021-01-04T16:56:42.460920",
    "temp": "23.00",
    "humid": "44.00",
    "light": "0"
  },
  {
    "id": 142,
    "timestamp": "2021-01-04T16:56:44.467167",
    "temp": "23.00",
    "humid": "44.00",
    "light": "2"
  },
  {
    "id": 143,
    "timestamp": "2021-01-04T16:56:46.474883",
    "temp": "23.00",
    "humid": "44.00",
    "light": "0"
  },
  {
    "id": 144,
    "timestamp": "2021-01-04T16:56:48.481601",
    "temp": "23.00",
    "humid": "44.00",
    "light": "1"
  },
  {
    "id": 145,
    "timestamp": "2021-01-04T16:56:50.487938",
    "temp": "23.00",
    "humid": "44.00",
    "light": "1"
  },
  {
    "id": 146,
    "timestamp": "2021-01-04T16:56:52.494326",
    "temp": "23.00",
    "humid": "44.00",
    "light": "0"
  },
  {
    "id": 147,
    "timestamp": "2021-01-04T16:56:54.512085",
    "temp": "23.00",
    "humid": "44.00",
    "light": "0"
  },
  {
    "id": 148,
    "timestamp": "2021-01-04T16:56:56.617890",
    "temp": "23.00",
    "humid": "44.00",
    "light": "0"
  },
  {
    "id": 149,
    "timestamp": "2021-01-04T16:56:58.623766",
    "temp": "23.00",
    "humid": "44.00",
    "light": "0"
  },
  {
    "id": 150,
    "timestamp": "2021-01-04T16:57:00.631227",
    "temp": "23.00",
    "humid": "44.00",
    "light": "0"
  },
  {
    "id": 151,
    "timestamp": "2021-01-04T16:57:02.638598",
    "temp": "23.00",
    "humid": "44.00",
    "light": "0"
  },
  {
    "id": 152,
    "timestamp": "2021-01-04T16:57:04.646318",
    "temp": "23.00",
    "humid": "44.00",
    "light": "0"
  },
  {
    "id": 153,
    "timestamp": "2021-01-04T16:57:06.652750",
    "temp": "23.00",
    "humid": "44.00",
    "light": "0"
  },
  {
    "id": 154,
    "timestamp": "2021-01-04T16:57:08.660206",
    "temp": "23.00",
    "humid": "44.00",
    "light": "0"
  },
  {
    "id": 155,
    "timestamp": "2021-01-04T16:57:10.670541",
    "temp": "23.00",
    "humid": "44.00",
    "light": "1"
  },
  {
    "id": 156,
    "timestamp": "2021-01-04T16:57:12.676974",
    "temp": "23.00",
    "humid": "44.00",
    "light": "0"
  },
  {
    "id": 157,
    "timestamp": "2021-01-04T16:57:14.783708",
    "temp": "23.00",
    "humid": "44.00",
    "light": "0"
  },
  {
    "id": 158,
    "timestamp": "2021-01-04T16:57:16.789030",
    "temp": "23.00",
    "humid": "44.00",
    "light": "0"
  },
  {
    "id": 159,
    "timestamp": "2021-01-04T16:57:18.794255",
    "temp": "23.00",
    "humid": "44.00",
    "light": "0"
  },
  {
    "id": 160,
    "timestamp": "2021-01-04T16:57:20.800894",
    "temp": "23.00",
    "humid": "44.00",
    "light": "0"
  },
  {
    "id": 161,
    "timestamp": "2021-01-04T16:57:22.807437",
    "temp": "23.00",
    "humid": "44.00",
    "light": "0"
  },
  {
    "id": 162,
    "timestamp": "2021-01-04T16:57:24.814450",
    "temp": "23.00",
    "humid": "44.00",
    "light": "0"
  },
  {
    "id": 163,
    "timestamp": "2021-01-04T16:57:26.820404",
    "temp": "23.00",
    "humid": "44.00",
    "light": "0"
  },
  {
    "id": 164,
    "timestamp": "2021-01-04T16:57:28.826640",
    "temp": "23.00",
    "humid": "44.00",
    "light": "0"
  },
  {
    "id": 165,
    "timestamp": "2021-01-04T16:57:30.850755",
    "temp": "23.00",
    "humid": "44.00",
    "light": "0"
  },
  {
    "id": 166,
    "timestamp": "2021-01-04T16:57:32.861444",
    "temp": "23.00",
    "humid": "44.00",
    "light": "0"
  },
  {
    "id": 167,
    "timestamp": "2021-01-04T16:57:34.880703",
    "temp": "23.00",
    "humid": "44.00",
    "light": "1"
  },
  {
    "id": 168,
    "timestamp": "2021-01-04T16:57:36.896197",
    "temp": "23.00",
    "humid": "44.00",
    "light": "1"
  },
  {
    "id": 169,
    "timestamp": "2021-01-04T16:57:39.003466",
    "temp": "23.00",
    "humid": "44.00",
    "light": "0"
  },
  {
    "id": 170,
    "timestamp": "2021-01-04T16:57:41.010146",
    "temp": "23.00",
    "humid": "44.00",
    "light": "0"
  },
  {
    "id": 171,
    "timestamp": "2021-01-04T16:57:43.016611",
    "temp": "23.00",
    "humid": "44.00",
    "light": "0"
  },
  {
    "id": 172,
    "timestamp": "2021-01-04T16:57:45.023099",
    "temp": "23.00",
    "humid": "44.00",
    "light": "0"
  },
  {
    "id": 173,
    "timestamp": "2021-01-04T16:57:47.029407",
    "temp": "23.00",
    "humid": "43.00",
    "light": "1"
  },
  {
    "id": 174,
    "timestamp": "2021-01-04T16:57:49.036329",
    "temp": "23.00",
    "humid": "43.00",
    "light": "0"
  },
  {
    "id": 175,
    "timestamp": "2021-01-04T16:57:51.042779",
    "temp": "23.00",
    "humid": "43.00",
    "light": "1"
  },
  {
    "id": 176,
    "timestamp": "2021-01-04T16:57:53.048804",
    "temp": "23.00",
    "humid": "43.00",
    "light": "0"
  },
  {
    "id": 177,
    "timestamp": "2021-01-04T16:57:55.061384",
    "temp": "23.00",
    "humid": "43.00",
    "light": "0"
  },
  {
    "id": 178,
    "timestamp": "2021-01-04T16:57:57.167226",
    "temp": "23.00",
    "humid": "43.00",
    "light": "0"
  },
  {
    "id": 179,
    "timestamp": "2021-01-04T16:57:59.172941",
    "temp": "23.00",
    "humid": "43.00",
    "light": "1"
  },
  {
    "id": 180,
    "timestamp": "2021-01-04T16:58:01.178858",
    "temp": "23.00",
    "humid": "43.00",
    "light": "0"
  },
  {
    "id": 181,
    "timestamp": "2021-01-04T16:58:03.184516",
    "temp": "23.00",
    "humid": "43.00",
    "light": "0"
  },
  {
    "id": 182,
    "timestamp": "2021-01-04T16:58:05.190236",
    "temp": "23.00",
    "humid": "43.00",
    "light": "0"
  },
  {
    "id": 183,
    "timestamp": "2021-01-04T16:58:07.196247",
    "temp": "23.00",
    "humid": "44.00",
    "light": "1"
  },
  {
    "id": 184,
    "timestamp": "2021-01-04T16:58:09.204325",
    "temp": "23.00",
    "humid": "44.00",
    "light": "0"
  },
  {
    "id": 185,
    "timestamp": "2021-01-04T16:58:11.210526",
    "temp": "23.00",
    "humid": "44.00",
    "light": "0"
  },
  {
    "id": 186,
    "timestamp": "2021-01-04T16:58:13.226577",
    "temp": "23.00",
    "humid": "44.00",
    "light": "0"
  },
  {
    "id": 187,
    "timestamp": "2021-01-04T16:58:15.333085",
    "temp": "23.00",
    "humid": "44.00",
    "light": "1"
  },
  {
    "id": 188,
    "timestamp": "2021-01-04T16:58:17.339250",
    "temp": "23.00",
    "humid": "44.00",
    "light": "0"
  },
  {
    "id": 189,
    "timestamp": "2021-01-04T16:58:19.345333",
    "temp": "23.00",
    "humid": "44.00",
    "light": "0"
  },
  {
    "id": 190,
    "timestamp": "2021-01-04T16:58:21.351426",
    "temp": "23.00",
    "humid": "44.00",
    "light": "0"
  },
  {
    "id": 191,
    "timestamp": "2021-01-04T16:58:23.357472",
    "temp": "23.00",
    "humid": "44.00",
    "light": "0"
  },
  {
    "id": 192,
    "timestamp": "2021-01-04T16:58:25.363710",
    "temp": "23.00",
    "humid": "44.00",
    "light": "0"
  },
  {
    "id": 193,
    "timestamp": "2021-01-04T16:58:27.370283",
    "temp": "23.00",
    "humid": "44.00",
    "light": "1"
  },
  {
    "id": 194,
    "timestamp": "2021-01-04T16:58:29.376668",
    "temp": "23.00",
    "humid": "44.00",
    "light": "0"
  },
  {
    "id": 195,
    "timestamp": "2021-01-04T16:58:31.391866",
    "temp": "23.00",
    "humid": "44.00",
    "light": "1"
  },
  {
    "id": 196,
    "timestamp": "2021-01-04T16:58:33.411094",
    "temp": "23.00",
    "humid": "44.00",
    "light": "0"
  },
  {
    "id": 197,
    "timestamp": "2021-01-04T16:58:35.430294",
    "temp": "23.00",
    "humid": "44.00",
    "light": "1"
  },
  {
    "id": 198,
    "timestamp": "2021-01-04T16:58:37.445605",
    "temp": "23.00",
    "humid": "44.00",
    "light": "0"
  },
  {
    "id": 199,
    "timestamp": "2021-01-04T16:58:39.551411",
    "temp": "23.00",
    "humid": "44.00",
    "light": "0"
  },
  {
    "id": 200,
    "timestamp": "2021-01-04T16:58:41.556704",
    "temp": "23.00",
    "humid": "44.00",
    "light": "0"
  },
  {
    "id": 201,
    "timestamp": "2021-01-04T16:58:43.562080",
    "temp": "23.00",
    "humid": "44.00",
    "light": "0"
  },
  {
    "id": 202,
    "timestamp": "2021-01-04T16:58:45.567754",
    "temp": "23.00",
    "humid": "44.00",
    "light": "0"
  },
  {
    "id": 203,
    "timestamp": "2021-01-04T16:58:47.574291",
    "temp": "23.00",
    "humid": "44.00",
    "light": "0"
  },
  {
    "id": 204,
    "timestamp": "2021-01-04T16:58:49.580275",
    "temp": "23.00",
    "humid": "44.00",
    "light": "0"
  },
  {
    "id": 205,
    "timestamp": "2021-01-04T16:58:51.586789",
    "temp": "23.00",
    "humid": "44.00",
    "light": "0"
  },
  {
    "id": 206,
    "timestamp": "2021-01-04T16:58:53.594118",
    "temp": "23.00",
    "humid": "44.00",
    "light": "0"
  },
  {
    "id": 207,
    "timestamp": "2021-01-04T16:58:55.611222",
    "temp": "23.00",
    "humid": "44.00",
    "light": "0"
  },
  {
    "id": 208,
    "timestamp": "2021-01-04T16:58:57.717953",
    "temp": "23.00",
    "humid": "44.00",
    "light": "0"
  },
  {
    "id": 209,
    "timestamp": "2021-01-04T16:58:59.724942",
    "temp": "23.00",
    "humid": "44.00",
    "light": "0"
  },
  {
    "id": 210,
    "timestamp": "2021-01-04T16:59:01.731260",
    "temp": "23.00",
    "humid": "44.00",
    "light": "1"
  },
  {
    "id": 211,
    "timestamp": "2021-01-04T16:59:03.737620",
    "temp": "23.00",
    "humid": "44.00",
    "light": "1"
  },
  {
    "id": 212,
    "timestamp": "2021-01-04T16:59:05.743972",
    "temp": "23.00",
    "humid": "44.00",
    "light": "2"
  },
  {
    "id": 213,
    "timestamp": "2021-01-04T16:59:07.749913",
    "temp": "23.00",
    "humid": "44.00",
    "light": "0"
  },
  {
    "id": 214,
    "timestamp": "2021-01-04T16:59:09.755919",
    "temp": "23.00",
    "humid": "44.00",
    "light": "0"
  },
  {
    "id": 215,
    "timestamp": "2021-01-04T16:59:11.761976",
    "temp": "23.00",
    "humid": "44.00",
    "light": "0"
  },
  {
    "id": 216,
    "timestamp": "2021-01-04T16:59:13.776278",
    "temp": "23.00",
    "humid": "44.00",
    "light": "0"
  },
  {
    "id": 217,
    "timestamp": "2021-01-04T16:59:15.881483",
    "temp": "23.00",
    "humid": "44.00",
    "light": "0"
  },
  {
    "id": 218,
    "timestamp": "2021-01-04T16:59:17.887056",
    "temp": "23.00",
    "humid": "44.00",
    "light": "0"
  },
  {
    "id": 219,
    "timestamp": "2021-01-04T16:59:19.893165",
    "temp": "23.00",
    "humid": "44.00",
    "light": "2"
  },
  {
    "id": 220,
    "timestamp": "2021-01-04T16:59:21.899292",
    "temp": "23.00",
    "humid": "44.00",
    "light": "0"
  },
  {
    "id": 221,
    "timestamp": "2021-01-04T16:59:23.905220",
    "temp": "23.00",
    "humid": "44.00",
    "light": "1"
  },
  {
    "id": 222,
    "timestamp": "2021-01-04T16:59:25.913266",
    "temp": "23.00",
    "humid": "44.00",
    "light": "1"
  },
  {
    "id": 223,
    "timestamp": "2021-01-04T16:59:27.919882",
    "temp": "23.00",
    "humid": "44.00",
    "light": "0"
  },
  {
    "id": 224,
    "timestamp": "2021-01-04T16:59:29.926392",
    "temp": "23.00",
    "humid": "44.00",
    "light": "1"
  },
  {
    "id": 225,
    "timestamp": "2021-01-04T16:59:31.941871",
    "temp": "23.00",
    "humid": "44.00",
    "light": "0"
  },
  {
    "id": 226,
    "timestamp": "2021-01-04T16:59:33.961032",
    "temp": "23.00",
    "humid": "44.00",
    "light": "1"
  },
  {
    "id": 227,
    "timestamp": "2021-01-04T16:59:35.976492",
    "temp": "23.00",
    "humid": "44.00",
    "light": "1"
  },
  {
    "id": 228,
    "timestamp": "2021-01-04T16:59:37.995825",
    "temp": "23.00",
    "humid": "44.00",
    "light": "1"
  },
  {
    "id": 229,
    "timestamp": "2021-01-04T16:59:40.102917",
    "temp": "23.00",
    "humid": "44.00",
    "light": "0"
  },
  {
    "id": 230,
    "timestamp": "2021-01-04T16:59:42.109391",
    "temp": "23.00",
    "humid": "44.00",
    "light": "0"
  },
  {
    "id": 231,
    "timestamp": "2021-01-04T16:59:44.116138",
    "temp": "23.00",
    "humid": "44.00",
    "light": "0"
  },
  {
    "id": 232,
    "timestamp": "2021-01-04T16:59:46.122887",
    "temp": "23.00",
    "humid": "44.00",
    "light": "1"
  },
  {
    "id": 233,
    "timestamp": "2021-01-04T16:59:48.129346",
    "temp": "23.00",
    "humid": "44.00",
    "light": "0"
  },
  {
    "id": 234,
    "timestamp": "2021-01-04T16:59:50.134813",
    "temp": "23.00",
    "humid": "44.00",
    "light": "0"
  },
  {
    "id": 235,
    "timestamp": "2021-01-04T16:59:52.140362",
    "temp": "23.00",
    "humid": "44.00",
    "light": "0"
  },
  {
    "id": 236,
    "timestamp": "2021-01-04T16:59:54.145646",
    "temp": "23.00",
    "humid": "44.00",
    "light": "1"
  },
  {
    "id": 237,
    "timestamp": "2021-01-04T16:59:56.160951",
    "temp": "23.00",
    "humid": "44.00",
    "light": "1"
  },
  {
    "id": 238,
    "timestamp": "2021-01-04T16:59:58.266652",
    "temp": "23.00",
    "humid": "44.00",
    "light": "1"
  },
  {
    "id": 239,
    "timestamp": "2021-01-04T17:00:00.272236",
    "temp": "23.00",
    "humid": "44.00",
    "light": "0"
  },
  {
    "id": 240,
    "timestamp": "2021-01-04T17:00:02.278762",
    "temp": "23.00",
    "humid": "44.00",
    "light": "0"
  },
  {
    "id": 241,
    "timestamp": "2021-01-04T17:00:04.284808",
    "temp": "23.00",
    "humid": "44.00",
    "light": "0"
  },
  {
    "id": 242,
    "timestamp": "2021-01-04T17:00:06.291096",
    "temp": "23.00",
    "humid": "44.00",
    "light": "0"
  },
  {
    "id": 243,
    "timestamp": "2021-01-04T17:00:08.297768",
    "temp": "23.00",
    "humid": "44.00",
    "light": "0"
  },
  {
    "id": 244,
    "timestamp": "2021-01-04T17:00:10.304841",
    "temp": "23.00",
    "humid": "44.00",
    "light": "0"
  },
  {
    "id": 245,
    "timestamp": "2021-01-04T17:00:12.311967",
    "temp": "23.00",
    "humid": "44.00",
    "light": "1"
  },
  {
    "id": 246,
    "timestamp": "2021-01-04T17:00:14.326536",
    "temp": "23.00",
    "humid": "44.00",
    "light": "0"
  },
  {
    "id": 247,
    "timestamp": "2021-01-04T17:00:16.345861",
    "temp": "23.00",
    "humid": "44.00",
    "light": "0"
  },
  {
    "id": 248,
    "timestamp": "2021-01-04T17:00:18.365180",
    "temp": "23.00",
    "humid": "45.00",
    "light": "1"
  },
  {
    "id": 249,
    "timestamp": "2021-01-04T17:00:20.380696",
    "temp": "23.00",
    "humid": "44.00",
    "light": "1"
  },
  {
    "id": 250,
    "timestamp": "2021-01-04T17:00:22.487444",
    "temp": "23.00",
    "humid": "44.00",
    "light": "0"
  },
  {
    "id": 251,
    "timestamp": "2021-01-04T17:00:24.493882",
    "temp": "23.00",
    "humid": "44.00",
    "light": "1"
  },
  {
    "id": 252,
    "timestamp": "2021-01-04T17:00:26.501253",
    "temp": "23.00",
    "humid": "44.00",
    "light": "0"
  },
  {
    "id": 253,
    "timestamp": "2021-01-04T17:00:28.507224",
    "temp": "23.00",
    "humid": "44.00",
    "light": "0"
  },
  {
    "id": 254,
    "timestamp": "2021-01-04T17:00:30.513241",
    "temp": "23.00",
    "humid": "44.00",
    "light": "0"
  },
  {
    "id": 255,
    "timestamp": "2021-01-04T17:00:32.519229",
    "temp": "23.00",
    "humid": "44.00",
    "light": "1"
  },
  {
    "id": 256,
    "timestamp": "2021-01-04T17:00:34.525195",
    "temp": "23.00",
    "humid": "44.00",
    "light": "0"
  },
  {
    "id": 257,
    "timestamp": "2021-01-04T17:00:36.530654",
    "temp": "23.00",
    "humid": "44.00",
    "light": "0"
  },
  {
    "id": 258,
    "timestamp": "2021-01-04T17:00:38.545870",
    "temp": "23.00",
    "humid": "44.00",
    "light": "0"
  },
  {
    "id": 259,
    "timestamp": "2021-01-04T17:00:40.652428",
    "temp": "23.00",
    "humid": "44.00",
    "light": "0"
  },
  {
    "id": 260,
    "timestamp": "2021-01-04T17:00:42.658524",
    "temp": "23.00",
    "humid": "44.00",
    "light": "0"
  },
  {
    "id": 261,
    "timestamp": "2021-01-04T17:00:44.664531",
    "temp": "23.00",
    "humid": "44.00",
    "light": "1"
  },
  {
    "id": 262,
    "timestamp": "2021-01-04T17:00:46.670713",
    "temp": "23.00",
    "humid": "44.00",
    "light": "0"
  },
  {
    "id": 263,
    "timestamp": "2021-01-04T17:00:48.677078",
    "temp": "23.00",
    "humid": "44.00",
    "light": "1"
  },
  {
    "id": 264,
    "timestamp": "2021-01-04T17:00:50.683090",
    "temp": "23.00",
    "humid": "44.00",
    "light": "0"
  },
  {
    "id": 265,
    "timestamp": "2021-01-04T17:00:52.689341",
    "temp": "23.00",
    "humid": "44.00",
    "light": "1"
  },
  {
    "id": 266,
    "timestamp": "2021-01-04T17:00:54.696226",
    "temp": "23.00",
    "humid": "44.00",
    "light": "1"
  },
  {
    "id": 267,
    "timestamp": "2021-01-04T17:00:56.711435",
    "temp": "23.00",
    "humid": "44.00",
    "light": "0"
  },
  {
    "id": 268,
    "timestamp": "2021-01-04T17:00:58.818408",
    "temp": "23.00",
    "humid": "44.00",
    "light": "0"
  },
  {
    "id": 269,
    "timestamp": "2021-01-04T17:01:00.824825",
    "temp": "23.00",
    "humid": "44.00",
    "light": "0"
  },
  {
    "id": 270,
    "timestamp": "2021-01-04T17:01:02.831206",
    "temp": "23.00",
    "humid": "44.00",
    "light": "0"
  },
  {
    "id": 271,
    "timestamp": "2021-01-04T17:01:04.836702",
    "temp": "23.00",
    "humid": "44.00",
    "light": "0"
  },
  {
    "id": 272,
    "timestamp": "2021-01-04T17:01:06.842062",
    "temp": "23.00",
    "humid": "44.00",
    "light": "0"
  },
  {
    "id": 273,
    "timestamp": "2021-01-04T17:01:08.847377",
    "temp": "23.00",
    "humid": "44.00",
    "light": "1"
  },
  {
    "id": 274,
    "timestamp": "2021-01-04T17:01:10.852681",
    "temp": "23.00",
    "humid": "44.00",
    "light": "0"
  },
  {
    "id": 275,
    "timestamp": "2021-01-04T17:01:12.858557",
    "temp": "23.00",
    "humid": "44.00",
    "light": "1"
  },
  {
    "id": 276,
    "timestamp": "2021-01-04T17:01:14.964358",
    "temp": "23.00",
    "humid": "44.00",
    "light": "1"
  },
  {
    "id": 277,
    "timestamp": "2021-01-04T17:01:16.969968",
    "temp": "23.00",
    "humid": "44.00",
    "light": "1"
  },
  {
    "id": 278,
    "timestamp": "2021-01-04T17:01:18.976512",
    "temp": "23.00",
    "humid": "44.00",
    "light": "0"
  },
  {
    "id": 279,
    "timestamp": "2021-01-04T17:01:20.982757",
    "temp": "23.00",
    "humid": "44.00",
    "light": "0"
  },
  {
    "id": 280,
    "timestamp": "2021-01-04T17:01:22.989063",
    "temp": "23.00",
    "humid": "44.00",
    "light": "0"
  },
  {
    "id": 281,
    "timestamp": "2021-01-04T17:01:24.994956",
    "temp": "23.00",
    "humid": "44.00",
    "light": "0"
  },
  {
    "id": 282,
    "timestamp": "2021-01-04T17:01:27.001768",
    "temp": "23.00",
    "humid": "44.00",
    "light": "0"
  },
  {
    "id": 283,
    "timestamp": "2021-01-04T17:01:29.008241",
    "temp": "23.00",
    "humid": "44.00",
    "light": "0"
  },
  {
    "id": 284,
    "timestamp": "2021-01-04T17:01:31.023204",
    "temp": "23.00",
    "humid": "44.00",
    "light": "0"
  },
  {
    "id": 285,
    "timestamp": "2021-01-04T17:01:33.130124",
    "temp": "23.00",
    "humid": "44.00",
    "light": "0"
  },
  {
    "id": 286,
    "timestamp": "2021-01-04T17:01:35.136382",
    "temp": "23.00",
    "humid": "44.00",
    "light": "0"
  },
  {
    "id": 287,
    "timestamp": "2021-01-04T17:01:37.142642",
    "temp": "23.00",
    "humid": "44.00",
    "light": "0"
  },
  {
    "id": 288,
    "timestamp": "2021-01-04T17:01:39.148921",
    "temp": "23.00",
    "humid": "44.00",
    "light": "0"
  },
  {
    "id": 289,
    "timestamp": "2021-01-04T17:01:41.155199",
    "temp": "23.00",
    "humid": "44.00",
    "light": "0"
  },
  {
    "id": 290,
    "timestamp": "2021-01-04T17:01:43.160764",
    "temp": "23.00",
    "humid": "44.00",
    "light": "0"
  },
  {
    "id": 291,
    "timestamp": "2021-01-04T17:01:45.166280",
    "temp": "23.00",
    "humid": "44.00",
    "light": "1"
  },
  {
    "id": 292,
    "timestamp": "2021-01-04T17:01:47.171625",
    "temp": "23.00",
    "humid": "44.00",
    "light": "1"
  },
  {
    "id": 293,
    "timestamp": "2021-01-04T17:01:49.188651",
    "temp": "23.00",
    "humid": "44.00",
    "light": "0"
  },
  {
    "id": 294,
    "timestamp": "2021-01-04T17:01:51.207785",
    "temp": "23.00",
    "humid": "44.00",
    "light": "1"
  },
  {
    "id": 295,
    "timestamp": "2021-01-04T17:01:53.223273",
    "temp": "23.00",
    "humid": "44.00",
    "light": "1"
  },
  {
    "id": 296,
    "timestamp": "2021-01-04T17:01:55.330369",
    "temp": "23.00",
    "humid": "44.00",
    "light": "1"
  },
  {
    "id": 297,
    "timestamp": "2021-01-04T17:01:57.336585",
    "temp": "23.00",
    "humid": "44.00",
    "light": "0"
  },
  {
    "id": 298,
    "timestamp": "2021-01-04T17:01:59.342910",
    "temp": "23.00",
    "humid": "44.00",
    "light": "1"
  },
  {
    "id": 299,
    "timestamp": "2021-01-04T17:02:01.349189",
    "temp": "23.00",
    "humid": "44.00",
    "light": "0"
  },
  {
    "id": 300,
    "timestamp": "2021-01-04T17:02:03.355781",
    "temp": "23.00",
    "humid": "44.00",
    "light": "0"
  },
  {
    "id": 301,
    "timestamp": "2021-01-04T17:02:05.362245",
    "temp": "23.00",
    "humid": "44.00",
    "light": "0"
  },
  {
    "id": 302,
    "timestamp": "2021-01-04T17:02:07.368340",
    "temp": "23.00",
    "humid": "44.00",
    "light": "1"
  },
  {
    "id": 303,
    "timestamp": "2021-01-04T17:02:09.374881",
    "temp": "23.00",
    "humid": "44.00",
    "light": "0"
  },
  {
    "id": 304,
    "timestamp": "2021-01-04T17:02:11.388937",
    "temp": "23.00",
    "humid": "44.00",
    "light": "0"
  },
  {
    "id": 305,
    "timestamp": "2021-01-04T17:02:13.495362",
    "temp": "23.00",
    "humid": "44.00",
    "light": "0"
  },
  {
    "id": 306,
    "timestamp": "2021-01-04T17:02:15.502188",
    "temp": "23.00",
    "humid": "44.00",
    "light": "0"
  },
  {
    "id": 307,
    "timestamp": "2021-01-04T17:02:17.508948",
    "temp": "23.00",
    "humid": "44.00",
    "light": "0"
  },
  {
    "id": 308,
    "timestamp": "2021-01-04T17:02:19.515030",
    "temp": "23.00",
    "humid": "44.00",
    "light": "0"
  },
  {
    "id": 309,
    "timestamp": "2021-01-04T17:02:21.521133",
    "temp": "23.00",
    "humid": "44.00",
    "light": "0"
  },
  {
    "id": 310,
    "timestamp": "2021-01-04T17:02:23.527034",
    "temp": "23.00",
    "humid": "43.00",
    "light": "0"
  },
  {
    "id": 311,
    "timestamp": "2021-01-04T17:02:25.532310",
    "temp": "23.00",
    "humid": "43.00",
    "light": "0"
  },
  {
    "id": 312,
    "timestamp": "2021-01-04T17:02:27.537933",
    "temp": "23.00",
    "humid": "43.00",
    "light": "0"
  },
  {
    "id": 313,
    "timestamp": "2021-01-04T17:02:29.554260",
    "temp": "23.00",
    "humid": "43.00",
    "light": "0"
  },
  {
    "id": 314,
    "timestamp": "2021-01-04T17:02:31.661012",
    "temp": "23.00",
    "humid": "43.00",
    "light": "0"
  },
  {
    "id": 315,
    "timestamp": "2021-01-04T17:02:33.667020",
    "temp": "23.00",
    "humid": "43.00",
    "light": "0"
  },
  {
    "id": 316,
    "timestamp": "2021-01-04T17:02:35.675827",
    "temp": "23.00",
    "humid": "43.00",
    "light": "0"
  },
  {
    "id": 317,
    "timestamp": "2021-01-04T17:02:37.682261",
    "temp": "23.00",
    "humid": "43.00",
    "light": "1"
  },
  {
    "id": 318,
    "timestamp": "2021-01-04T17:02:39.688713",
    "temp": "23.00",
    "humid": "43.00",
    "light": "0"
  },
  {
    "id": 319,
    "timestamp": "2021-01-04T17:02:41.695155",
    "temp": "23.00",
    "humid": "43.00",
    "light": "1"
  },
  {
    "id": 320,
    "timestamp": "2021-01-04T17:02:43.702274",
    "temp": "23.00",
    "humid": "43.00",
    "light": "1"
  },
  {
    "id": 321,
    "timestamp": "2021-01-04T17:02:45.710837",
    "temp": "23.00",
    "humid": "43.00",
    "light": "0"
  },
  {
    "id": 322,
    "timestamp": "2021-01-04T17:02:47.719998",
    "temp": "23.00",
    "humid": "43.00",
    "light": "0"
  },
  {
    "id": 323,
    "timestamp": "2021-01-04T17:02:49.827043",
    "temp": "23.00",
    "humid": "43.00",
    "light": "0"
  },
  {
    "id": 324,
    "timestamp": "2021-01-04T17:02:51.833307",
    "temp": "23.00",
    "humid": "43.00",
    "light": "1"
  },
  {
    "id": 325,
    "timestamp": "2021-01-04T17:02:53.839321",
    "temp": "23.00",
    "humid": "43.00",
    "light": "1"
  },
  {
    "id": 326,
    "timestamp": "2021-01-04T17:02:55.845297",
    "temp": "23.00",
    "humid": "43.00",
    "light": "0"
  },
  {
    "id": 327,
    "timestamp": "2021-01-04T17:02:57.850507",
    "temp": "23.00",
    "humid": "43.00",
    "light": "0"
  },
  {
    "id": 328,
    "timestamp": "2021-01-04T17:02:59.856314",
    "temp": "23.00",
    "humid": "43.00",
    "light": "0"
  },
  {
    "id": 329,
    "timestamp": "2021-01-04T17:03:01.862098",
    "temp": "23.00",
    "humid": "43.00",
    "light": "0"
  },
  {
    "id": 330,
    "timestamp": "2021-01-04T17:03:03.867425",
    "temp": "23.00",
    "humid": "43.00",
    "light": "0"
  },
  {
    "id": 331,
    "timestamp": "2021-01-04T17:03:05.973366",
    "temp": "23.00",
    "humid": "43.00",
    "light": "0"
  },
  {
    "id": 332,
    "timestamp": "2021-01-04T17:03:07.979647",
    "temp": "23.00",
    "humid": "43.00",
    "light": "0"
  },
  {
    "id": 333,
    "timestamp": "2021-01-04T17:03:09.985853",
    "temp": "23.00",
    "humid": "43.00",
    "light": "0"
  },
  {
    "id": 334,
    "timestamp": "2021-01-04T17:03:11.992139",
    "temp": "23.00",
    "humid": "43.00",
    "light": "0"
  },
  {
    "id": 335,
    "timestamp": "2021-01-04T17:03:13.998527",
    "temp": "23.00",
    "humid": "43.00",
    "light": "1"
  },
  {
    "id": 336,
    "timestamp": "2021-01-04T17:03:16.005702",
    "temp": "23.00",
    "humid": "43.00",
    "light": "0"
  },
  {
    "id": 337,
    "timestamp": "2021-01-04T17:03:18.012461",
    "temp": "23.00",
    "humid": "43.00",
    "light": "0"
  },
  {
    "id": 338,
    "timestamp": "2021-01-04T17:03:20.019427",
    "temp": "23.00",
    "humid": "43.00",
    "light": "1"
  },
  {
    "id": 339,
    "timestamp": "2021-01-04T17:03:22.032025",
    "temp": "23.00",
    "humid": "43.00",
    "light": "2"
  },
  {
    "id": 340,
    "timestamp": "2021-01-04T17:03:24.138442",
    "temp": "23.00",
    "humid": "43.00",
    "light": "0"
  },
  {
    "id": 341,
    "timestamp": "2021-01-04T17:03:26.144241",
    "temp": "23.00",
    "humid": "43.00",
    "light": "0"
  },
  {
    "id": 342,
    "timestamp": "2021-01-04T17:03:28.150180",
    "temp": "23.00",
    "humid": "43.00",
    "light": "0"
  },
  {
    "id": 343,
    "timestamp": "2021-01-04T17:03:30.155761",
    "temp": "23.00",
    "humid": "43.00",
    "light": "0"
  },
  {
    "id": 344,
    "timestamp": "2021-01-04T17:03:32.160548",
    "temp": "23.00",
    "humid": "43.00",
    "light": "0"
  },
  {
    "id": 345,
    "timestamp": "2021-01-04T17:03:34.165690",
    "temp": "23.00",
    "humid": "43.00",
    "light": "0"
  },
  {
    "id": 346,
    "timestamp": "2021-01-04T17:03:36.170671",
    "temp": "23.00",
    "humid": "43.00",
    "light": "1"
  },
  {
    "id": 347,
    "timestamp": "2021-01-04T17:03:38.178024",
    "temp": "23.00",
    "humid": "43.00",
    "light": "0"
  },
  {
    "id": 348,
    "timestamp": "2021-01-04T17:03:40.282539",
    "temp": "23.00",
    "humid": "43.00",
    "light": "0"
  },
  {
    "id": 349,
    "timestamp": "2021-01-04T17:03:42.288368",
    "temp": "23.00",
    "humid": "43.00",
    "light": "0"
  },
  {
    "id": 350,
    "timestamp": "2021-01-04T17:03:44.293654",
    "temp": "23.00",
    "humid": "43.00",
    "light": "0"
  },
  {
    "id": 351,
    "timestamp": "2021-01-04T17:03:46.298613",
    "temp": "23.00",
    "humid": "43.00",
    "light": "0"
  },
  {
    "id": 352,
    "timestamp": "2021-01-04T17:03:48.303587",
    "temp": "23.00",
    "humid": "43.00",
    "light": "1"
  },
  {
    "id": 353,
    "timestamp": "2021-01-04T17:03:50.308610",
    "temp": "23.00",
    "humid": "43.00",
    "light": "0"
  },
  {
    "id": 354,
    "timestamp": "2021-01-04T17:03:52.313914",
    "temp": "23.00",
    "humid": "43.00",
    "light": "1"
  }
]